,id,slug,path,title,size,price,priceCurrency,priceValidUntil
0,6444170,catching-fireflies-by-thestorysmith,/en/fabric/6444170-catching-fireflies-by-thestorysmith,Catching Fireflies,"Fat Quarter 21"" x 18""",10.75,USD,2030-01-01
1,3584004,mexican-sugar-skulls-small-by-lusykoror,/en/fabric/3584004-mexican-sugar-skulls-small-by-lusykoror,Mexican Sugar Skulls (small),"Fat Quarter 21"" x 18""",10.75,USD,2030-01-01
2,7984669,8-love-care-medical-white-by-rebelmod,/en/fabric/7984669-8-love-care-medical-white-by-rebelmod,"8"" Love to Care Medical - White","Fat Quarter 21"" x 18""",10.75,USD,2030-01-01
3,8619105,flight-feathers-painted-by-xoxotique,/en/fabric/8619105-flight-feathers-painted-by-xoxotique,Flight of Feathers Painted,"Fat Quarter 21"" x 18""",10.75,USD,2030-01-01
4,7944022,golden-girls-illustration-peach-by-yesterdaycollection,/en/fabric/7944022-golden-girls-illustration-peach-by-yesterdaycollection,Golden Girls Illustration in Peach,"Fat Quarter 21"" x 18""",10.75,USD,2030-01-01
5,5544045,napoleonic-bees-faux-gilt-on-blackest-black-by-peacoquettedesigns,/en/fabric/5544045-napoleonic-bees-faux-gilt-on-blackest-black-by-peacoquettedesigns,Napoleonic Bees ~ Faux Gilt on Blackest Black,"Fat Quarter 21"" x 18""",10.75,USD,2030-01-01
6,5939834,classic-leopard-by-cinneworthington,/en/fabric/5939834-classic-leopard-by-cinneworthington,classic leopard,"Fat Quarter 21"" x 18""",10.75,USD,2030-01-01
7,8618597,rainbow-watercolor-pawprints-by-dragonstarart,/en/fabric/8618597-rainbow-watercolor-pawprints-by-dragonstarart,Rainbow Watercolor Pawprints,"Fat Quarter 21"" x 18""",10.75,USD,2030-01-01
8,4893900,half-scale-m81-woodland-camo-by-ricraynor,/en/fabric/4893900-half-scale-m81-woodland-camo-by-ricraynor,Half Scale M81 Woodland Camo,"Fat Quarter 21"" x 18""",10.75,USD,2030-01-01
9,5880084,mod-triangles-gold-indigo-by-crystal_walen,/en/fabric/5880084-mod-triangles-gold-indigo-by-crystal_walen,Mod Triangles Gold Indigo,"Fat Quarter 21"" x 18""",10.75,USD,2030-01-01
10,4534585,super-words-dark-by-robyriker,/en/fabric/4534585-super-words-dark-by-robyriker,Super Words! (Dark),"Fat Quarter 21"" x 18""",10.75,USD,2030-01-01
11,5514018,hair-cutting-shears-by-cloudycapevintage,/en/fabric/5514018-hair-cutting-shears-by-cloudycapevintage,Hair Cutting Shears,"Fat Quarter 21"" x 18""",10.75,USD,2030-01-01
12,4995555,heart-health-awareness-light-gray-large-by-ohdarkthirty,/en/fabric/4995555-heart-health-awareness-light-gray-large-by-ohdarkthirty,Heart Health Awareness - Light Gray (large),"Fat Quarter 21"" x 18""",10.75,USD,2030-01-01
13,991112,nursing-coordinates-by-bluevelvet,/en/fabric/991112-nursing-coordinates-by-bluevelvet,NURSING_COORDINATES,"Fat Quarter 21"" x 18""",10.75,USD,2030-01-01
14,9240316,irish-navy-green-shamrock-fabric-by-charlottewinter,/en/fabric/9240316-irish-navy-green-shamrock-fabric-by-charlottewinter,irish - navy and green shamrock fabric,"Fat Quarter 21"" x 18""",10.75,USD,2030-01-01
15,5839396,spectacular-cats-by-cynthia_arre,/en/fabric/5839396-spectacular-cats-by-cynthia_arre,Spectacular Cats,"Fat Quarter 21"" x 18""",10.75,USD,2030-01-01
16,1306112,opal-by-peacoquettedesigns,/en/fabric/1306112-opal-by-peacoquettedesigns,Opal,"Fat Quarter 21"" x 18""",10.75,USD,2030-01-01
17,8197261,night-sky-stars-midnight-blue-by-at_the_cottage,/en/fabric/8197261-night-sky-stars-midnight-blue-by-at_the_cottage,Night Sky Stars Midnight Blue,"Fat Quarter 21"" x 18""",10.75,USD,2030-01-01
18,7790777,turtles-aqua-blue-by-gingerlique,/en/fabric/7790777-turtles-aqua-blue-by-gingerlique,Turtles in Aqua and Blue,"Fat Quarter 21"" x 18""",10.75,USD,2030-01-01
19,5033660,80s-accessories-by-diannemehta,/en/fabric/5033660-80s-accessories-by-diannemehta,80s Accessories,"Fat Quarter 21"" x 18""",10.75,USD,2030-01-01
20,6327300,call-mountains-evergreen-med-by-nouveau_bohemian,/en/fabric/6327300-call-mountains-evergreen-med-by-nouveau_bohemian,Call of the Mountains (evergreen) MED,"Fat Quarter 21"" x 18""",10.75,USD,2030-01-01
21,2632362,colorful-happy-smiley-face-squares-large-print-by-inspirationz,/en/fabric/2632362-colorful-happy-smiley-face-squares-large-print-by-inspirationz,Colorful Happy Smiley face Squares (large print),"Fat Quarter 21"" x 18""",10.75,USD,2030-01-01
22,7236018,australian-native-eucalyptus-leaves-edition-1-australiana-fabric-wallpaper-by-erin__kendal,/en/fabric/7236018-australian-native-eucalyptus-leaves-edition-1-australiana-fabric-wallpaper-by-erin__kendal,Australian Native Eucalyptus Leaves || Edition 1 || Australiana Fabric Wallpaper,"Fat Quarter 21"" x 18""",10.75,USD,2030-01-01
23,4830872,cherry-blossom-watercolor-cherry-blossom-floral-by-magentarosedesigns,/en/fabric/4830872-cherry-blossom-watercolor-cherry-blossom-floral-by-magentarosedesigns,cherry blossom watercolor // cherry blossom floral,"Fat Quarter 21"" x 18""",10.75,USD,2030-01-01
24,7580754,ibd-gracie-grace-golden-jumbo-by-indybloomdesign,/en/fabric/7580754-ibd-gracie-grace-golden-jumbo-by-indybloomdesign,IBD Gracie Grace Golden Jumbo,"Fat Quarter 21"" x 18""",10.75,USD,2030-01-01
25,7679631,scattered-earth-tones-watercolor-rainbows-by-anniemontgomerydesign,/en/fabric/7679631-scattered-earth-tones-watercolor-rainbows-by-anniemontgomerydesign,Scattered Earth Tones Watercolor Rainbows,"Fat Quarter 21"" x 18""",10.75,USD,2030-01-01
26,7463028,seamless-watercolor-larger-leaves-pattern-1-by-daily_miracles,/en/fabric/7463028-seamless-watercolor-larger-leaves-pattern-1-by-daily_miracles,SEAMLESS watercolor Larger leaves Pattern-1,"Fat Quarter 21"" x 18""",10.75,USD,2030-01-01
27,6864327,love-lips-red-by-hipkiddesigns,/en/fabric/6864327-love-lips-red-by-hipkiddesigns,Love Lips // Red,"Fat Quarter 21"" x 18""",10.75,USD,2030-01-01
28,4981816,black-white-dogs-by-littleislandcompany,/en/fabric/4981816-black-white-dogs-by-littleislandcompany,Black and White Dogs,"Fat Quarter 21"" x 18""",10.75,USD,2030-01-01
29,2623792,purple-space-stars-small-print-by-inspirationz,/en/fabric/2623792-purple-space-stars-small-print-by-inspirationz,Purple Space Stars (small print),"Fat Quarter 21"" x 18""",10.75,USD,2030-01-01
30,5247883,hexo-blue-med-by-nouveau_bohemian,/en/fabric/5247883-hexo-blue-med-by-nouveau_bohemian,Hexo (blue) MED,"Fat Quarter 21"" x 18""",10.75,USD,2030-01-01
31,7587209,8-woodland-trees-white-by-shopcabin,/en/fabric/7587209-8-woodland-trees-white-by-shopcabin,"8"" Woodland Trees - White","Fat Quarter 21"" x 18""",10.75,USD,2030-01-01
32,5734850,dachshund-floral-vintage-flowers-doxie-fabric-doxie-dachshunds-design-cute-doxie-dog-by-petfriendly,/en/fabric/5734850-dachshund-floral-vintage-flowers-doxie-fabric-doxie-dachshunds-design-cute-doxie-dog-by-petfriendly,dachshund floral vintage flowers doxie fabric doxie dachshunds design cute doxie dog,"Fat Quarter 21"" x 18""",10.75,USD,2030-01-01
33,7076547,small-scale-vintage-moroccan-dusty-blue-by-littlearrowdesign,/en/fabric/7076547-small-scale-vintage-moroccan-dusty-blue-by-littlearrowdesign,(small scale) vintage moroccan - dusty blue,"Fat Quarter 21"" x 18""",10.75,USD,2030-01-01
34,7516450,asian-elephant-paisley-raindrops-by-honoluludesigns,/en/fabric/7516450-asian-elephant-paisley-raindrops-by-honoluludesigns,Asian Elephant Paisley Raindrops,"Fat Quarter 21"" x 18""",10.75,USD,2030-01-01
35,7502677,fable-floral-blush-jumbo-by-nouveau_bohemian,/en/fabric/7502677-fable-floral-blush-jumbo-by-nouveau_bohemian,Fable Floral (blush) JUMBO,"Fat Quarter 21"" x 18""",10.75,USD,2030-01-01
36,7772667,chibi-plague-doctors-black-on-white-by-ameliae,/en/fabric/7772667-chibi-plague-doctors-black-on-white-by-ameliae,Chibi Plague Doctors Black on White,"Fat Quarter 21"" x 18""",10.75,USD,2030-01-01
37,6700493,mod-triangles-white-gold-by-crystal_walen,/en/fabric/6700493-mod-triangles-white-gold-by-crystal_walen,Mod Triangles - white + gold,"Fat Quarter 21"" x 18""",10.75,USD,2030-01-01
38,1251898,maddox-ombre-stars-stripes-by-veritymaddox,/en/fabric/1251898-maddox-ombre-stars-stripes-by-veritymaddox,Maddox ombre stars and stripes,"Fat Quarter 21"" x 18""",10.75,USD,2030-01-01
39,9612900,spring-pink-floral-highland-cow-big-54x36-inches-by-karolina_papiez,/en/fabric/9612900-spring-pink-floral-highland-cow-big-54x36-inches-by-karolina_papiez,spring pink floral highland cow - big 54x36 inches,"Fat Quarter 21"" x 18""",10.75,USD,2030-01-01
40,5840025,sea-birds-navy-by-kirstenkatz,/en/fabric/5840025-sea-birds-navy-by-kirstenkatz,Sea Birds Navy,"Fat Quarter 21"" x 18""",10.75,USD,2030-01-01
41,9914889,cat-noodle-navy-white-cute-cats-by-patricia_lima,/en/fabric/9914889-cat-noodle-navy-white-cute-cats-by-patricia_lima,Cat Noodle - Navy and White Cute Cats,"Fat Quarter 21"" x 18""",10.75,USD,2030-01-01
42,7591282,cute-nurse-love-gray-no-gradient-by-jannasalak,/en/fabric/7591282-cute-nurse-love-gray-no-gradient-by-jannasalak,Cute Nurse Love Gray- No Gradient,"Fat Quarter 21"" x 18""",10.75,USD,2030-01-01
43,7089223,tattoo-me-tattoo-by-stitchyrichie,/en/fabric/7089223-tattoo-me-tattoo-by-stitchyrichie,Tattoo me Tattoo you,"Fat Quarter 21"" x 18""",10.75,USD,2030-01-01
44,4775911,philippines-flag-by-flagfabric,/en/fabric/4775911-philippines-flag-by-flagfabric,Philippines flag,"Fat Quarter 21"" x 18""",10.75,USD,2030-01-01
45,2131603,solid-light-teal-by-misstiina,/en/fabric/2131603-solid-light-teal-by-misstiina,solid light teal,"Fat Quarter 21"" x 18""",10.75,USD,2030-01-01
46,1384442,wildflowers-by-heatherross,/en/fabric/1384442-wildflowers-by-heatherross,wildflowers,"Fat Quarter 21"" x 18""",10.75,USD,2030-01-01
47,7814050,lemon-blossoms-by-laurapol,/en/fabric/7814050-lemon-blossoms-by-laurapol,Lemon Blossoms,"Fat Quarter 21"" x 18""",10.75,USD,2030-01-01
48,7905790,mid-century-droplets-kaleidoscope-large-by-ceciliamok,/en/fabric/7905790-mid-century-droplets-kaleidoscope-large-by-ceciliamok,Mid Century Droplets {Kaleidoscope} - large,"Fat Quarter 21"" x 18""",10.75,USD,2030-01-01
49,4286392,happy-teeth-friends-light-teal-by-clayvision_-_ahappybluetree,/en/fabric/4286392-happy-teeth-friends-light-teal-by-clayvision_-_ahappybluetree,Happy Teeth & Friends - Light Teal,"Fat Quarter 21"" x 18""",10.75,USD,2030-01-01
50,7540781,little-multicolored-dinos-on-white-by-micklyn,/en/fabric/7540781-little-multicolored-dinos-on-white-by-micklyn,Little Multicolored Dinos on White,"Fat Quarter 21"" x 18""",10.75,USD,2030-01-01
51,7009777,rainbow-llamas-by-littlearrowdesign,/en/fabric/7009777-rainbow-llamas-by-littlearrowdesign,rainbow llamas,"Fat Quarter 21"" x 18""",10.75,USD,2030-01-01
52,7967284,12-woodland-animals-baby-animals-forest-light-background-by-utart,/en/fabric/7967284-12-woodland-animals-baby-animals-forest-light-background-by-utart,"12"" Woodland Animals - Baby Animals in Forest light background","Fat Quarter 21"" x 18""",10.75,USD,2030-01-01
53,9069096,black-cat-butterfly-garden-by-boszorka,/en/fabric/9069096-black-cat-butterfly-garden-by-boszorka,Black cat in the butterfly garden,"Fat Quarter 21"" x 18""",10.75,USD,2030-01-01
54,3039000,cowgirl-cowboy-western-rodeo-aqua-by-parisbebe,/en/fabric/3039000-cowgirl-cowboy-western-rodeo-aqua-by-parisbebe,Cowgirl Cowboy western Rodeo Aqua,"Fat Quarter 21"" x 18""",10.75,USD,2030-01-01
55,5125276,shark-sharks-nautical-boys-white-background-kids-ocean-sea-tiger-shark-hammerhead-shark-fabric-by-andrea_lauren,/en/fabric/5125276-shark-sharks-nautical-boys-white-background-kids-ocean-sea-tiger-shark-hammerhead-shark-fabric-by-andrea_lauren,shark // sharks nautical boys white background kids ocean sea tiger shark hammerhead shark fabric,"Fat Quarter 21"" x 18""",10.75,USD,2030-01-01
56,4238535,chemistry-by-pinkpineappledesign,/en/fabric/4238535-chemistry-by-pinkpineappledesign,Chemistry,"Fat Quarter 21"" x 18""",10.75,USD,2030-01-01
57,607484,fishy-felines-by-cjldesigns,/en/fabric/607484-fishy-felines-by-cjldesigns,Fishy_felines,"Fat Quarter 21"" x 18""",10.75,USD,2030-01-01
58,6577017,haunted-cat-skeletons-black-white-by-pamelachi,/en/fabric/6577017-haunted-cat-skeletons-black-white-by-pamelachi,haunted cat skeletons black and white,"Fat Quarter 21"" x 18""",10.75,USD,2030-01-01
59,4270747,happy-hair-stylist-friends-blue-by-clayvision_-_ahappybluetree,/en/fabric/4270747-happy-hair-stylist-friends-blue-by-clayvision_-_ahappybluetree,Happy Hair Stylist Friends - Blue,"Fat Quarter 21"" x 18""",10.75,USD,2030-01-01
60,10112497,large-scale-alien-abduction-toile-de-jouy-pattern-blue-by-somecallmebeth,/en/fabric/10112497-large-scale-alien-abduction-toile-de-jouy-pattern-blue-by-somecallmebeth,Large-Scale Alien Abduction Toile De Jouy Pattern in Blue,"Fat Quarter 21"" x 18""",10.75,USD,2030-01-01
61,7082655,frenchie-yoga-by-huebucket,/en/fabric/7082655-frenchie-yoga-by-huebucket,Frenchie Yoga,"Fat Quarter 21"" x 18""",10.75,USD,2030-01-01
62,8985919,sunflowers-cream-3x3-by-indybloomdesign,/en/fabric/8985919-sunflowers-cream-3x3-by-indybloomdesign,Sunflowers and cream 3x3,"Fat Quarter 21"" x 18""",10.75,USD,2030-01-01
63,4464173,cats-stripes-black-white-by-caja_design,/en/fabric/4464173-cats-stripes-black-white-by-caja_design,Cats with Stripes Black&White,"Fat Quarter 21"" x 18""",10.75,USD,2030-01-01
64,7307966,art-deco-fleurs-d-or-by-j9design,/en/fabric/7307966-art-deco-fleurs-d-or-by-j9design,Art Deco fleurs d’or,"Fat Quarter 21"" x 18""",10.75,USD,2030-01-01
65,5262779,mustard-painted-dots-yellow-spring-girls-sweet-yellow-coordinate-by-charlottewinter,/en/fabric/5262779-mustard-painted-dots-yellow-spring-girls-sweet-yellow-coordinate-by-charlottewinter,mustard painted dots yellow spring girls sweet yellow coordinate,"Fat Quarter 21"" x 18""",10.75,USD,2030-01-01
66,9612358,black-forest-large-by-katherine_quinn,/en/fabric/9612358-black-forest-large-by-katherine_quinn,The Black Forest {large},"Fat Quarter 21"" x 18""",10.75,USD,2030-01-01
67,6058811,acoustic-guitars-by-jannasalak,/en/fabric/6058811-acoustic-guitars-by-jannasalak,Acoustic Guitars,"Fat Quarter 21"" x 18""",10.75,USD,2030-01-01
68,9012014,jonah-s-whale-by-ivieclothco,/en/fabric/9012014-jonah-s-whale-by-ivieclothco,jonah's whale,"Fat Quarter 21"" x 18""",10.75,USD,2030-01-01
69,2204162,virus-blue-scrubs-by-kightleys,/en/fabric/2204162-virus-blue-scrubs-by-kightleys,VIRUS Blue Scrubs,"Fat Quarter 21"" x 18""",10.75,USD,2030-01-01
70,7068059,hamsters-on-light-blue-by-landpenguin,/en/fabric/7068059-hamsters-on-light-blue-by-landpenguin,Hamsters on Light Blue,"Fat Quarter 21"" x 18""",10.75,USD,2030-01-01
71,5649370,gray-watercolor-herringbone-by-mrshervi,/en/fabric/5649370-gray-watercolor-herringbone-by-mrshervi,gray watercolor herringbone,"Fat Quarter 21"" x 18""",10.75,USD,2030-01-01
72,1197446,ski-lifts-by-bluevelvet,/en/fabric/1197446-ski-lifts-by-bluevelvet,SKI LIFTS,"Fat Quarter 21"" x 18""",10.75,USD,2030-01-01
73,7350122,american-triple-crown-winners-by-leroyj,/en/fabric/7350122-american-triple-crown-winners-by-leroyj,American Triple Crown Winners,"Fat Quarter 21"" x 18""",10.75,USD,2030-01-01
74,7243056,baseballs-dark-blue-by-littlearrowdesign,/en/fabric/7243056-baseballs-dark-blue-by-littlearrowdesign,baseballs - dark blue,"Fat Quarter 21"" x 18""",10.75,USD,2030-01-01
75,6815360,abstract-rainbow-soft-watercolour-paint-splatter-by-caja_design,/en/fabric/6815360-abstract-rainbow-soft-watercolour-paint-splatter-by-caja_design,Abstract Rainbow Soft Watercolour Paint & Splatter,"Fat Quarter 21"" x 18""",10.75,USD,2030-01-01
76,8433849,black-white-leopard-leopard-print-ecru-tiny-scale-collection-leopard-spots-punk-rock-animal-print-by-borderlines,/en/fabric/8433849-black-white-leopard-leopard-print-ecru-tiny-scale-collection-leopard-spots-punk-rock-animal-print-by-borderlines,★ BLACK and WHITE LEOPARD - LEOPARD PRINT in ECRU ★ Tiny Scale / Collection : Leopard spots – Punk Rock Animal Print,"Fat Quarter 21"" x 18""",10.75,USD,2030-01-01
77,8341105,traml-camo-woodland-by-mb4studio,/en/fabric/8341105-traml-camo-woodland-by-mb4studio,TRAML™ Camo - Woodland,"Fat Quarter 21"" x 18""",10.75,USD,2030-01-01
78,7137786,genevieve-floral-by-crystal_walen,/en/fabric/7137786-genevieve-floral-by-crystal_walen,genevieve floral,"Fat Quarter 21"" x 18""",10.75,USD,2030-01-01
79,2275816,game-world-by-chickoteria,/en/fabric/2275816-game-world-by-chickoteria,Game World,"Fat Quarter 21"" x 18""",10.75,USD,2030-01-01
80,7939810,nautical-damask-by-katerhees,/en/fabric/7939810-nautical-damask-by-katerhees,Nautical Damask,"Fat Quarter 21"" x 18""",10.75,USD,2030-01-01
81,10031369,hope-design-good-by-bound_textiles,/en/fabric/10031369-hope-design-good-by-bound_textiles,Hope - Design for good,"Fat Quarter 21"" x 18""",10.75,USD,2030-01-01
82,5580363,watercolour-strawberries-by-emeryallardsmith,/en/fabric/5580363-watercolour-strawberries-by-emeryallardsmith,Watercolour Strawberries,"Fat Quarter 21"" x 18""",10.75,USD,2030-01-01
83,2772127,happy-chihuahua-by-lil_creatures,/en/fabric/2772127-happy-chihuahua-by-lil_creatures,Happy Chihuahua,"Fat Quarter 21"" x 18""",10.75,USD,2030-01-01
84,1392308,smile-world-smiles-back-by-bonnie_phantasm,/en/fabric/1392308-smile-world-smiles-back-by-bonnie_phantasm,Smile - and the world smiles back at you!,"Fat Quarter 21"" x 18""",10.75,USD,2030-01-01
85,5749777,eyeglasses-by-kellyrenay,/en/fabric/5749777-eyeglasses-by-kellyrenay,Eyeglasses,"Fat Quarter 21"" x 18""",10.75,USD,2030-01-01
86,6445895,busy-bees-watercolor-by-heatherdutton,/en/fabric/6445895-busy-bees-watercolor-by-heatherdutton,Busy Bees - Watercolor,"Fat Quarter 21"" x 18""",10.75,USD,2030-01-01
87,6594616,library-card-scatter-by-lellobird,/en/fabric/6594616-library-card-scatter-by-lellobird,Library Card Scatter,"Fat Quarter 21"" x 18""",10.75,USD,2030-01-01
88,6096792,max-s-map-charcoal-by-nouveau_bohemian,/en/fabric/6096792-max-s-map-charcoal-by-nouveau_bohemian,Max's Map (charcoal),"Fat Quarter 21"" x 18""",10.75,USD,2030-01-01
89,7269231,golden-retriever-cannon-beach-fabric-cute-dogs-on-beach-oregon-blue-by-petfriendly,/en/fabric/7269231-golden-retriever-cannon-beach-fabric-cute-dogs-on-beach-oregon-blue-by-petfriendly,golden retriever cannon beach fabric - cute dogs on the beach in oregon - blue,"Fat Quarter 21"" x 18""",10.75,USD,2030-01-01
90,6842273,ambulance-on-grey-by-littlearrowdesign,/en/fabric/6842273-ambulance-on-grey-by-littlearrowdesign,ambulance on grey,"Fat Quarter 21"" x 18""",10.75,USD,2030-01-01
91,2302934,blue-phone-boxes-black-swirls-on-white-small-swirls-by-risarocksit,/en/fabric/2302934-blue-phone-boxes-black-swirls-on-white-small-swirls-by-risarocksit,Blue Phone Boxes and Black Swirls on White - Small Swirls,"Fat Quarter 21"" x 18""",10.75,USD,2030-01-01
92,5500782,isabelle-jr-s-island-getaway-by-loverlylibrarian,/en/fabric/5500782-isabelle-jr-s-island-getaway-by-loverlylibrarian,Isabelle Jr's Island Getaway,"Fat Quarter 21"" x 18""",10.75,USD,2030-01-01
93,9925596,pastel-abstract-by-vagabond_folk_art,/en/fabric/9925596-pastel-abstract-by-vagabond_folk_art,Pastel Abstract,"Fat Quarter 21"" x 18""",10.75,USD,2030-01-01
94,1440062,ocean-depth-map-by-ravynka,/en/fabric/1440062-ocean-depth-map-by-ravynka,Ocean depth map,"Fat Quarter 21"" x 18""",10.75,USD,2030-01-01
95,6947878,gold-lips-on-graphite-grey-gray-gold-kiss-by-mlags,/en/fabric/6947878-gold-lips-on-graphite-grey-gray-gold-kiss-by-mlags,gold lips on graphite grey gray and gold kiss,"Fat Quarter 21"" x 18""",10.75,USD,2030-01-01
96,5872295,fall-plaid-navy-rustic-woods-blue-white-by-littlearrowdesign,/en/fabric/5872295-fall-plaid-navy-rustic-woods-blue-white-by-littlearrowdesign,"fall plaid || navy, rustic woods blue, white","Fat Quarter 21"" x 18""",10.75,USD,2030-01-01
97,7582998,leopard-rose-gold-spots-on-pink-by-paper_and_frill,/en/fabric/7582998-leopard-rose-gold-spots-on-pink-by-paper_and_frill,Leopard Rose Gold Spots on Pink,"Fat Quarter 21"" x 18""",10.75,USD,2030-01-01
98,5566933,galaxy-far-far-away-1in-chibi-gray-by-studiofibonacci,/en/fabric/5566933-galaxy-far-far-away-1in-chibi-gray-by-studiofibonacci,A Galaxy Far Far Away - 1in chibi (gray),"Fat Quarter 21"" x 18""",10.75,USD,2030-01-01
99,6735421,jurassic-halloween-by-penguinhouse,/en/fabric/6735421-jurassic-halloween-by-penguinhouse,Jurassic halloween,"Fat Quarter 21"" x 18""",10.75,USD,2030-01-01
100,9197320,halloween-stitch-orange-black-by-jacquelinehurd,/en/fabric/9197320-halloween-stitch-orange-black-by-jacquelinehurd,"Halloween Stitch, Orange & Black","Fat Quarter 21"" x 18""",10.75,USD,2030-01-01
101,6808509,blue-stripes-watercolor-by-hipkiddesigns,/en/fabric/6808509-blue-stripes-watercolor-by-hipkiddesigns,Blue Stripes Watercolor,"Fat Quarter 21"" x 18""",10.75,USD,2030-01-01
102,10322544,mid-century-lake-house-by-lellobird,/en/fabric/10322544-mid-century-lake-house-by-lellobird,Mid-Century Lake House,"Fat Quarter 21"" x 18""",10.75,USD,2030-01-01
103,4110205,stars-slate-grey-stars-fabric-star-design-baby-nursery-fabric-andrea-lauren-by-andrea_lauren,/en/fabric/4110205-stars-slate-grey-stars-fabric-star-design-baby-nursery-fabric-andrea-lauren-by-andrea_lauren,stars // slate grey stars fabric star design baby nursery fabric andrea lauren,"Fat Quarter 21"" x 18""",10.75,USD,2030-01-01
104,7141584,6-woodland-snow-white-by-hipkiddesigns,/en/fabric/7141584-6-woodland-snow-white-by-hipkiddesigns,"6"" Woodland Snow // White","Fat Quarter 21"" x 18""",10.75,USD,2030-01-01
105,5534753,tropical-flamingo-by-pinkpineappledesign,/en/fabric/5534753-tropical-flamingo-by-pinkpineappledesign,Tropical Flamingo,"Fat Quarter 21"" x 18""",10.75,USD,2030-01-01
106,7662668,mermaid-music-by-ceciliamok,/en/fabric/7662668-mermaid-music-by-ceciliamok,Mermaid Music,"Fat Quarter 21"" x 18""",10.75,USD,2030-01-01
107,10318034,vacation-lake-maritime-by-brendazapotosky,/en/fabric/10318034-vacation-lake-maritime-by-brendazapotosky,Vacation at the Lake (Maritime),"Fat Quarter 21"" x 18""",10.75,USD,2030-01-01
108,9948235,hunting-butterflies-by-stolenpencil,/en/fabric/9948235-hunting-butterflies-by-stolenpencil,Hunting butterflies,"Fat Quarter 21"" x 18""",10.75,USD,2030-01-01
109,1575773,mint-pink-by-jessica_d_,/en/fabric/1575773-mint-pink-by-jessica_d_,mint & pink,"Fat Quarter 21"" x 18""",10.75,USD,2030-01-01
110,8529746,noir-cat-face-black-med-by-nouveau_bohemian,/en/fabric/8529746-noir-cat-face-black-med-by-nouveau_bohemian,Noir Cat Face (black) MED,"Fat Quarter 21"" x 18""",10.75,USD,2030-01-01
111,7172110,female-heads-afro-purple-flower-by-unicia,/en/fabric/7172110-female-heads-afro-purple-flower-by-unicia,Female Heads with Afro and Purple Flower,"Fat Quarter 21"" x 18""",10.75,USD,2030-01-01
112,8062179,big-floral-70s-mauve-by-morecandyshop,/en/fabric/8062179-big-floral-70s-mauve-by-morecandyshop,BIG FLORAL 70s MAUVE,"Fat Quarter 21"" x 18""",10.75,USD,2030-01-01
113,9839084,colorful-bauhaus-rainbow-geometric-by-elsy,/en/fabric/9839084-colorful-bauhaus-rainbow-geometric-by-elsy,Colorful Bauhaus Rainbow Geometric,"Fat Quarter 21"" x 18""",10.75,USD,2030-01-01
114,8510882,teal-leaves-botanical-foliage-nature-ferns-on-white-background-by-erin__kendal,/en/fabric/8510882-teal-leaves-botanical-foliage-nature-ferns-on-white-background-by-erin__kendal,Teal leaves botanical foliage nature ferns on white background,"Fat Quarter 21"" x 18""",10.75,USD,2030-01-01
115,3510593,oodles-pink-poodles-by-bluevelvet,/en/fabric/3510593-oodles-pink-poodles-by-bluevelvet,OODLES OF PINK POODLES,"Fat Quarter 21"" x 18""",10.75,USD,2030-01-01
116,7781393,doctors-plague-by-nixels,/en/fabric/7781393-doctors-plague-by-nixels,Doctors of Plague,"Fat Quarter 21"" x 18""",10.75,USD,2030-01-01
117,10173525,can-t-catch-me-by-elmira_arts,/en/fabric/10173525-can-t-catch-me-by-elmira_arts,Can't Catch Me! :),"Fat Quarter 21"" x 18""",10.75,USD,2030-01-01
118,9887964,summer-blooms-by-lellobird,/en/fabric/9887964-summer-blooms-by-lellobird,Summer Blooms,"Fat Quarter 21"" x 18""",10.75,USD,2030-01-01
119,7661337,swimming-manta-rays-by-avisnana,/en/fabric/7661337-swimming-manta-rays-by-avisnana,Swimming manta rays,"Fat Quarter 21"" x 18""",10.75,USD,2030-01-01
120,4567213,blood-pattern-by-lanrete58,/en/fabric/4567213-blood-pattern-by-lanrete58,Blood Pattern,"Fat Quarter 21"" x 18""",10.75,USD,2030-01-01
121,6003463,mackenzie-tartan-plaid-outlander-by-laurawrightstudio,/en/fabric/6003463-mackenzie-tartan-plaid-outlander-by-laurawrightstudio,MacKenzie tartan plaid outlander,"Fat Quarter 21"" x 18""",10.75,USD,2030-01-01
122,5284534,baby-owls-purple-by-heleenvanbuul,/en/fabric/5284534-baby-owls-purple-by-heleenvanbuul,Baby owls in purple,"Fat Quarter 21"" x 18""",10.75,USD,2030-01-01
123,5237735,hand-written-sheet-music-small-by-thinlinetextiles,/en/fabric/5237735-hand-written-sheet-music-small-by-thinlinetextiles,Hand Written Sheet Music // Small,"Fat Quarter 21"" x 18""",10.75,USD,2030-01-01
124,9696600,safari-creatures-by-megdigdesign,/en/fabric/9696600-safari-creatures-by-megdigdesign,Safari Creatures,"Fat Quarter 21"" x 18""",10.75,USD,2030-01-01
125,8589385,art-deco-swans-black-on-cream-by-katerhees,/en/fabric/8589385-art-deco-swans-black-on-cream-by-katerhees,Art Deco Swans - Black on Cream,"Fat Quarter 21"" x 18""",10.75,USD,2030-01-01
126,5504768,french-bulldog-flowers-florals-frenchies-dog-girls-flowers-baby-nursery-sweet-painted-flower-by-petfriendly,/en/fabric/5504768-french-bulldog-flowers-florals-frenchies-dog-girls-flowers-baby-nursery-sweet-painted-flower-by-petfriendly,French Bulldog flowers florals frenchies dog girls flowers baby nursery sweet painted flower,"Fat Quarter 21"" x 18""",10.75,USD,2030-01-01
127,7982836,bicycle-bikes-white-on-black-by-littlearrowdesign,/en/fabric/7982836-bicycle-bikes-white-on-black-by-littlearrowdesign,bicycle - bikes - white on black,"Fat Quarter 21"" x 18""",10.75,USD,2030-01-01
128,9367973,whimsical-pegasus-forest-orange-large-version-by-tigatiga,/en/fabric/9367973-whimsical-pegasus-forest-orange-large-version-by-tigatiga,Whimsical Pegasus Forest - Orange - Large Version,"Fat Quarter 21"" x 18""",10.75,USD,2030-01-01
129,1961516,mtp-purple-camo-by-ricraynor,/en/fabric/1961516-mtp-purple-camo-by-ricraynor,MTP Purple Camo,"Fat Quarter 21"" x 18""",10.75,USD,2030-01-01
130,6547534,boreal-med-by-nouveau_bohemian,/en/fabric/6547534-boreal-med-by-nouveau_bohemian,The Boreal (MED),"Fat Quarter 21"" x 18""",10.75,USD,2030-01-01
131,10245022,ice-cream-vans-by-adenaj,/en/fabric/10245022-ice-cream-vans-by-adenaj,Ice cream vans,"Fat Quarter 21"" x 18""",10.75,USD,2030-01-01
132,9679769,spring-birds-by-diseminger,/en/fabric/9679769-spring-birds-by-diseminger,spring birds,"Fat Quarter 21"" x 18""",10.75,USD,2030-01-01
133,3585758,8-bit-darker-green-pixels-3-4ths-inch-by-joyfulrose,/en/fabric/3585758-8-bit-darker-green-pixels-3-4ths-inch-by-joyfulrose,8-bit Darker Green Pixels- 3/4ths of an inch,"Fat Quarter 21"" x 18""",10.75,USD,2030-01-01
134,2069373,unicorns-garden-hesperides-by-demigoutte,/en/fabric/2069373-unicorns-garden-hesperides-by-demigoutte,Unicorns in the Garden of Hesperides,"Fat Quarter 21"" x 18""",10.75,USD,2030-01-01
135,8056685,ruth-bader-ginsgurg-rbg-white-by-katerhees,/en/fabric/8056685-ruth-bader-ginsgurg-rbg-white-by-katerhees,Ruth Bader Ginsgurg RBG - White,"Fat Quarter 21"" x 18""",10.75,USD,2030-01-01
136,1027431,may-now-kiss-bride-blue-by-kittenstitches,/en/fabric/1027431-may-now-kiss-bride-blue-by-kittenstitches,you may now kiss the bride blue,"Fat Quarter 21"" x 18""",10.75,USD,2030-01-01
137,10051349,crowned-cranes-jumbo-midnight-copper-by-booboo_collective,/en/fabric/10051349-crowned-cranes-jumbo-midnight-copper-by-booboo_collective,crowned cranes_Jumbo midnight _ copper,"Fat Quarter 21"" x 18""",10.75,USD,2030-01-01
138,7689339,skull-crossbones-black-white-by-lemon_chiffon,/en/fabric/7689339-skull-crossbones-black-white-by-lemon_chiffon,skull and crossbones // black and white,"Fat Quarter 21"" x 18""",10.75,USD,2030-01-01
139,4653970,colorado-flag-fabric-2-6-x-1-75-by-flagfabric,/en/fabric/4653970-colorado-flag-fabric-2-6-x-1-75-by-flagfabric,Colorado flag fabric - 2.6 x 1.75,"Fat Quarter 21"" x 18""",10.75,USD,2030-01-01
140,7944095,mistletoe-red-berries-by-crystal_walen,/en/fabric/7944095-mistletoe-red-berries-by-crystal_walen,mistletoe and red berries,"Fat Quarter 21"" x 18""",10.75,USD,2030-01-01
141,6666574,japanese-block-print-pattern-ocean-waves-japanese-waves-pattern-indigo-blue-blue-boho-print-beach-fab-by-forest-sea,/en/fabric/6666574-japanese-block-print-pattern-ocean-waves-japanese-waves-pattern-indigo-blue-blue-boho-print-beach-fab-by-forest-sea,"Japanese Block Print Pattern of Ocean Waves, Japanese Waves Pattern in Indigo Blue, Blue Boho Print, Beach Fabric","Fat Quarter 21"" x 18""",10.75,USD,2030-01-01
142,5452245,succulove-by-gabbymalpas,/en/fabric/5452245-succulove-by-gabbymalpas,Succulove,"Fat Quarter 21"" x 18""",10.75,USD,2030-01-01
143,8752123,navy-leaves-antiqued-by-bluebirdcoop,/en/fabric/8752123-navy-leaves-antiqued-by-bluebirdcoop,Navy Leaves Antiqued,"Fat Quarter 21"" x 18""",10.75,USD,2030-01-01
144,5575039,tiny-buffalo-check-flannel-red-black-by-sugarfresh,/en/fabric/5575039-tiny-buffalo-check-flannel-red-black-by-sugarfresh,Tiny Buffalo Check Flannel Red Black,"Fat Quarter 21"" x 18""",10.75,USD,2030-01-01
145,7613045,camo-leopard-leopard-print-olive-green-medium-scale-collection-leopard-spots-punk-rock-animal-print-by-borderlines,/en/fabric/7613045-camo-leopard-leopard-print-olive-green-medium-scale-collection-leopard-spots-punk-rock-animal-print-by-borderlines,★ CAMO LEOPARD - LEOPARD PRINT in OLIVE GREEN ★ Medium Scale / Collection : Leopard spots – Punk Rock Animal Print,"Fat Quarter 21"" x 18""",10.75,USD,2030-01-01
146,7690402,rose-all-day-wine-fabric-brunch-navy-by-charlottewinter,/en/fabric/7690402-rose-all-day-wine-fabric-brunch-navy-by-charlottewinter,rosé all day wine fabric brunch navy,"Fat Quarter 21"" x 18""",10.75,USD,2030-01-01
147,3618307,christmas-ornaments-vintage-christmas-ornaments-cute-retro-ornaments-xmas-holiday-christmas-fabric-by-andrea_lauren,/en/fabric/3618307-christmas-ornaments-vintage-christmas-ornaments-cute-retro-ornaments-xmas-holiday-christmas-fabric-by-andrea_lauren,christmas ornaments // vintage christmas ornaments cute retro ornaments xmas holiday christmas fabric,"Fat Quarter 21"" x 18""",10.75,USD,2030-01-01
148,10231195,vintage-ice-cream-by-kylie_33,/en/fabric/10231195-vintage-ice-cream-by-kylie_33,Vintage Ice Cream,"Fat Quarter 21"" x 18""",10.75,USD,2030-01-01
149,6007356,star-rainbow-by-emeryallardsmith,/en/fabric/6007356-star-rainbow-by-emeryallardsmith,Star Rainbow,"Fat Quarter 21"" x 18""",10.75,USD,2030-01-01
150,7452175,normal-scale-hot-dogs-lemonade-aqua-background-cute-dachshund-sausage-dogs-by-selmacardoso,/en/fabric/7452175-normal-scale-hot-dogs-lemonade-aqua-background-cute-dachshund-sausage-dogs-by-selmacardoso,Normal scale // Hot dogs and lemonade // aqua background cute Dachshund sausage dogs,"Fat Quarter 21"" x 18""",10.75,USD,2030-01-01
151,8987265,cannabis-leaves-green-on-white-by-onelittleprintshop,/en/fabric/8987265-cannabis-leaves-green-on-white-by-onelittleprintshop,Cannabis leaves - green on white,"Fat Quarter 21"" x 18""",10.75,USD,2030-01-01
152,8576999,clementine-sprigs-silver-sage-by-crystal_walen,/en/fabric/8576999-clementine-sprigs-silver-sage-by-crystal_walen,clementine sprigs-silver sage,"Fat Quarter 21"" x 18""",10.75,USD,2030-01-01
153,5532389,blue-white-camouflage-pattern-by-artpics,/en/fabric/5532389-blue-white-camouflage-pattern-by-artpics,Blue and White Camouflage pattern,"Fat Quarter 21"" x 18""",10.75,USD,2030-01-01
154,9162947,sea-urchin-shells-neutral-by-jenniejoyce,/en/fabric/9162947-sea-urchin-shells-neutral-by-jenniejoyce,Sea Urchin Shells Neutral,"Fat Quarter 21"" x 18""",10.75,USD,2030-01-01
155,6151839,watercolor-watermelon-by-katerinaizotova,/en/fabric/6151839-watercolor-watermelon-by-katerinaizotova,Watercolor watermelon,"Fat Quarter 21"" x 18""",10.75,USD,2030-01-01
156,8691750,marbled-unicorn-pattern-by-raccoongirl,/en/fabric/8691750-marbled-unicorn-pattern-by-raccoongirl,Marbled Unicorn Pattern,"Fat Quarter 21"" x 18""",10.75,USD,2030-01-01
157,9002092,ginkgo-leaves-spring-rose-spearmint-by-new_branch_studio,/en/fabric/9002092-ginkgo-leaves-spring-rose-spearmint-by-new_branch_studio,Ginkgo Leaves - Spring Rose & Spearmint,"Fat Quarter 21"" x 18""",10.75,USD,2030-01-01
158,5525275,supernatural-inspired-baby-67-impala-tattoo-by-tag_graphics,/en/fabric/5525275-supernatural-inspired-baby-67-impala-tattoo-by-tag_graphics,Supernatural Inspired Baby 67 Impala Tattoo,"Fat Quarter 21"" x 18""",10.75,USD,2030-01-01
159,8574791,soft-eucalyptus-watercolor-smaller-leaves-pattern-by-daily_miracles,/en/fabric/8574791-soft-eucalyptus-watercolor-smaller-leaves-pattern-by-daily_miracles,Soft Eucalyptus Watercolor Smaller Leaves Pattern,"Fat Quarter 21"" x 18""",10.75,USD,2030-01-01
160,9880402,merbaby-spring-by-paperbird-_crafts,/en/fabric/9880402-merbaby-spring-by-paperbird-_crafts,Merbaby Spring,"Fat Quarter 21"" x 18""",10.75,USD,2030-01-01
161,8985918,sunflowers-cream-7x7-by-indybloomdesign,/en/fabric/8985918-sunflowers-cream-7x7-by-indybloomdesign,Sunflowers and cream 7x7,"Fat Quarter 21"" x 18""",10.75,USD,2030-01-01
162,9989393,black-lives-matter-by-fabric_rocks,/en/fabric/9989393-black-lives-matter-by-fabric_rocks,Black Lives Matter,"Fat Quarter 21"" x 18""",10.75,USD,2030-01-01
163,10224539,tropical-birthday-by-amy_maccready,/en/fabric/10224539-tropical-birthday-by-amy_maccready,Tropical birthday,"Fat Quarter 21"" x 18""",10.75,USD,2030-01-01
164,9915637,ramen-bowl-by-katerhees,/en/fabric/9915637-ramen-bowl-by-katerhees,Ramen Bowl,"Fat Quarter 21"" x 18""",10.75,USD,2030-01-01
165,5527354,dusty-rose-by-shopcabin,/en/fabric/5527354-dusty-rose-by-shopcabin,Dusty Rose,"Fat Quarter 21"" x 18""",10.75,USD,2030-01-01
166,2623046,black-vintage-kraken-octopus-pattern-by-inspirationz,/en/fabric/2623046-black-vintage-kraken-octopus-pattern-by-inspirationz,Black Vintage Kraken Octopus pattern,"Fat Quarter 21"" x 18""",10.75,USD,2030-01-01
167,9765153,ditsy-modern-vintage-floral-dots-by-lucybaribeau,/en/fabric/9765153-ditsy-modern-vintage-floral-dots-by-lucybaribeau,ditsy modern vintage floral dots,"Fat Quarter 21"" x 18""",10.75,USD,2030-01-01
168,8917171,earth-tone-eucalyptus-white-by-hipkiddesigns,/en/fabric/8917171-earth-tone-eucalyptus-white-by-hipkiddesigns,Earth Tone Eucalyptus // White,"Fat Quarter 21"" x 18""",10.75,USD,2030-01-01
169,2425715,coffee-beans-by-punqd_designs,/en/fabric/2425715-coffee-beans-by-punqd_designs,Coffee beans,"Fat Quarter 21"" x 18""",10.75,USD,2030-01-01
170,8923709,tropical-raccoon-by-introducingemy,/en/fabric/8923709-tropical-raccoon-by-introducingemy,Tropical Raccoon,"Fat Quarter 21"" x 18""",10.75,USD,2030-01-01
171,6650987,love-nurse-whimsy-white-by-phyllisdobbs,/en/fabric/6650987-love-nurse-whimsy-white-by-phyllisdobbs,Love a Nurse Whimsy White,"Fat Quarter 21"" x 18""",10.75,USD,2030-01-01
172,5825413,border-collie-florals-cute-pink-flowers-dog-florals-print-best-dog-designs-best-dog-prints-cute-borde-by-petfriendly,/en/fabric/5825413-border-collie-florals-cute-pink-flowers-dog-florals-print-best-dog-designs-best-dog-prints-cute-borde-by-petfriendly,border collie florals cute pink flowers dog florals print best dog designs best dog prints cute border collies fabrics,"Fat Quarter 21"" x 18""",10.75,USD,2030-01-01
173,9860542,frenchie-scrubs-fabric-french-bulldogs-fabric-nurse-fabric-grey-by-petfriendly,/en/fabric/9860542-frenchie-scrubs-fabric-french-bulldogs-fabric-nurse-fabric-grey-by-petfriendly,"frenchie scrubs fabric - french bulldogs fabric, nurse fabric - grey","Fat Quarter 21"" x 18""",10.75,USD,2030-01-01
174,8533844,golfers-multi-navy-green-grey-lad19-by-littlearrowdesign,/en/fabric/8533844-golfers-multi-navy-green-grey-lad19-by-littlearrowdesign,golfers multi - navy green grey - LAD19,"Fat Quarter 21"" x 18""",10.75,USD,2030-01-01
175,6216794,faux-denim-solid-by-littlearrowdesign,/en/fabric/6216794-faux-denim-solid-by-littlearrowdesign,faux denim solid,"Fat Quarter 21"" x 18""",10.75,USD,2030-01-01
176,7113891,canadian-flag-by-thinlinetextiles,/en/fabric/7113891-canadian-flag-by-thinlinetextiles,Canadian Flag,"Fat Quarter 21"" x 18""",10.75,USD,2030-01-01
177,10305106,fishing-lures-red-blue-2-by-diseminger,/en/fabric/10305106-fishing-lures-red-blue-2-by-diseminger,fishing lures - red and blue 2,"Fat Quarter 21"" x 18""",10.75,USD,2030-01-01
178,8812866,indigo-shibori-stripe-by-radianthomestudio,/en/fabric/8812866-indigo-shibori-stripe-by-radianthomestudio,indigo shibori stripe,"Fat Quarter 21"" x 18""",10.75,USD,2030-01-01
179,7916132,love-peace-60s-by-bluecoin,/en/fabric/7916132-love-peace-60s-by-bluecoin,Love and Peace 60s,"Fat Quarter 21"" x 18""",10.75,USD,2030-01-01
180,5924805,sew-vintage-by-petite-circus-sewing-machine-black-white-by-petite_circus,/en/fabric/5924805-sew-vintage-by-petite-circus-sewing-machine-black-white-by-petite_circus,Sew Vintage // by petite_circus // sewing machine black and white,"Fat Quarter 21"" x 18""",10.75,USD,2030-01-01
181,2276467,flamingo-summer-colorful-tropical-birds-retro-girls-print-black-by-littlesmilemakers,/en/fabric/2276467-flamingo-summer-colorful-tropical-birds-retro-girls-print-black-by-littlesmilemakers,Flamingo summer colorful tropical birds retro girls print black,"Fat Quarter 21"" x 18""",10.75,USD,2030-01-01
182,9865418,spring-garden-pattern-by-stolenpencil,/en/fabric/9865418-spring-garden-pattern-by-stolenpencil,Spring garden pattern,"Fat Quarter 21"" x 18""",10.75,USD,2030-01-01
183,7756057,emerald-forest-keepers-fairy-woodland-creatures-by-kostolom3000,/en/fabric/7756057-emerald-forest-keepers-fairy-woodland-creatures-by-kostolom3000,Emerald forest keepers. Fairy woodland creatures.,"Fat Quarter 21"" x 18""",10.75,USD,2030-01-01
184,3410289,feminism-fists-on-black-by-spacefem,/en/fabric/3410289-feminism-fists-on-black-by-spacefem,Feminism fists on black,"Fat Quarter 21"" x 18""",10.75,USD,2030-01-01
185,7587372,olive-bloom-by-holli_zollinger,/en/fabric/7587372-olive-bloom-by-holli_zollinger,OLIVE BLOOM,"Fat Quarter 21"" x 18""",10.75,USD,2030-01-01
186,2760166,chicken-boots-knit-fabric-regular-size-by-chickenboots,/en/fabric/2760166-chicken-boots-knit-fabric-regular-size-by-chickenboots,Chicken Boots Knit Fabric-Regular size,"Fat Quarter 21"" x 18""",10.75,USD,2030-01-01
187,7492145,horse-coats-horse-breeds-horses-fabrics-tan-by-petfriendly,/en/fabric/7492145-horse-coats-horse-breeds-horses-fabrics-tan-by-petfriendly,horse coats horse breeds horses fabrics tan,"Fat Quarter 21"" x 18""",10.75,USD,2030-01-01
188,777803,ditsy-spring-flower-pink-by-lucybaribeau,/en/fabric/777803-ditsy-spring-flower-pink-by-lucybaribeau,Ditsy spring flower in pink,"Fat Quarter 21"" x 18""",10.75,USD,2030-01-01
189,8799908,mystic-potion-bottles-on-black-by-sugargrave,/en/fabric/8799908-mystic-potion-bottles-on-black-by-sugargrave,Mystic potion bottles on black,"Fat Quarter 21"" x 18""",10.75,USD,2030-01-01
190,10017098,mellow-figs-large-scale-by-heidi-abeline,/en/fabric/10017098-mellow-figs-large-scale-by-heidi-abeline,Mellow Figs / Large scale,"Fat Quarter 21"" x 18""",10.75,USD,2030-01-01
191,7333061,demon-slaying-nezuko-asa-no-ha-pattern-dashed-sashiko-lines-on-pink-by-atashi,/en/fabric/7333061-demon-slaying-nezuko-asa-no-ha-pattern-dashed-sashiko-lines-on-pink-by-atashi,Demon-Slaying Nezuko Asa-no-Ha Pattern Dashed Sashiko Lines on Pink,"Fat Quarter 21"" x 18""",10.75,USD,2030-01-01
192,9025494,small-scale-greyhounds-dogwalk-turquoise-background-by-selmacardoso,/en/fabric/9025494-small-scale-greyhounds-dogwalk-turquoise-background-by-selmacardoso,Small scale // Greyhounds dogwalk // turquoise background,"Fat Quarter 21"" x 18""",10.75,USD,2030-01-01
193,3102067,orbs-ogb1wh-large-by-tonyanewton,/en/fabric/3102067-orbs-ogb1wh-large-by-tonyanewton,Orbs - #OGB1WH (large),"Fat Quarter 21"" x 18""",10.75,USD,2030-01-01
194,2930396,starry-watercolor-dreams-grey-by-emilysanford,/en/fabric/2930396-starry-watercolor-dreams-grey-by-emilysanford,Starry Watercolor Dreams in Grey,"Fat Quarter 21"" x 18""",10.75,USD,2030-01-01
195,7356711,pizza-shark-blue-by-littlearrowdesign,/en/fabric/7356711-pizza-shark-blue-by-littlearrowdesign,Pizza Shark - blue,"Fat Quarter 21"" x 18""",10.75,USD,2030-01-01
196,7085277,beer-by-natalia_gonzalez,/en/fabric/7085277-beer-by-natalia_gonzalez,Beer,"Fat Quarter 21"" x 18""",10.75,USD,2030-01-01
197,8091225,dark-floral-black-roses-on-black-moody-floral-jumbo-size-by-mlags,/en/fabric/8091225-dark-floral-black-roses-on-black-moody-floral-jumbo-size-by-mlags,Dark Floral Black roses on black moody floral JUMBO size,"Fat Quarter 21"" x 18""",10.75,USD,2030-01-01
198,5715897,black-lives-matter-small-scale-blue-by-ashleysummersdesign,/en/fabric/5715897-black-lives-matter-small-scale-blue-by-ashleysummersdesign,Black Lives Matter Small Scale - Blue,"Fat Quarter 21"" x 18""",10.75,USD,2030-01-01
199,7193136,thunderbird-kilim-watercolor-bohemian-tribal-kilim-arrows-aztec-boho-diamond-watercolor-fabric-by-liz_sawyer_design,/en/fabric/7193136-thunderbird-kilim-watercolor-bohemian-tribal-kilim-arrows-aztec-boho-diamond-watercolor-fabric-by-liz_sawyer_design,Thunderbird Kilim Watercolor // bohemian tribal kilim arrows aztec boho diamond watercolor fabric,"Fat Quarter 21"" x 18""",10.75,USD,2030-01-01
200,2800727,fried-egg-bacon-pattern-breakfast-food-design-blue-background-by-kostolom3000,/en/fabric/2800727-fried-egg-bacon-pattern-breakfast-food-design-blue-background-by-kostolom3000,Fried egg and bacon pattern. Breakfast food design. Blue background.,"Fat Quarter 21"" x 18""",10.75,USD,2030-01-01
201,4644387,colorado-state-flag-by-hooks_treasure_cove,/en/fabric/4644387-colorado-state-flag-by-hooks_treasure_cove,Colorado State Flag,"Fat Quarter 21"" x 18""",10.75,USD,2030-01-01
202,7281016,dragon-scales-purple-blue-by-littlearrowdesign,/en/fabric/7281016-dragon-scales-purple-blue-by-littlearrowdesign,dragon scales - purple and blue,"Fat Quarter 21"" x 18""",10.75,USD,2030-01-01
203,4671052,tiger-halloween-costume-pattern-by-furbuddy,/en/fabric/4671052-tiger-halloween-costume-pattern-by-furbuddy,Tiger Halloween Costume Pattern,"Fat Quarter 21"" x 18""",10.75,USD,2030-01-01
204,9980371,cat-cafe-by-j9design,/en/fabric/9980371-cat-cafe-by-j9design,Cat Cafe,"Fat Quarter 21"" x 18""",10.75,USD,2030-01-01
205,10214388,cranes-vintage-asian-style-by-bamokreativ,/en/fabric/10214388-cranes-vintage-asian-style-by-bamokreativ,cranes vintage asian style,"Fat Quarter 21"" x 18""",10.75,USD,2030-01-01
206,5071085,painted-protea-floral-extra-large-version-by-micklyn,/en/fabric/5071085-painted-protea-floral-extra-large-version-by-micklyn,Painted Protea Floral Extra Large Version,"Fat Quarter 21"" x 18""",10.75,USD,2030-01-01
207,1524515,green-marijuana-leaves-by-farrellart,/en/fabric/1524515-green-marijuana-leaves-by-farrellart,Green Marijuana Leaves,"Fat Quarter 21"" x 18""",10.75,USD,2030-01-01
208,7140035,tattoo-dogs-teal-by-miss_fluff,/en/fabric/7140035-tattoo-dogs-teal-by-miss_fluff,Tattoo Dogs- Teal,"Fat Quarter 21"" x 18""",10.75,USD,2030-01-01
209,8205159,alchemical-astrology-sepia-by-xoxotique,/en/fabric/8205159-alchemical-astrology-sepia-by-xoxotique,Alchemical Astrology Sepia,"Fat Quarter 21"" x 18""",10.75,USD,2030-01-01
210,9855694,pho-indigo-by-scrummy,/en/fabric/9855694-pho-indigo-by-scrummy,PHO INDIGO,"Fat Quarter 21"" x 18""",10.75,USD,2030-01-01
211,6275064,green-paddle-cactus-rose-by-ivieclothco,/en/fabric/6275064-green-paddle-cactus-rose-by-ivieclothco,green paddle cactus + rose,"Fat Quarter 21"" x 18""",10.75,USD,2030-01-01
212,10264700,fragant-field-by-e-dri,/en/fabric/10264700-fragant-field-by-e-dri,A Fragant Field,"Fat Quarter 21"" x 18""",10.75,USD,2030-01-01
213,8345014,dusty-rose-solid-pink-solid-dusty-pink-by-erin__kendal,/en/fabric/8345014-dusty-rose-solid-pink-solid-dusty-pink-by-erin__kendal,Dusty Rose Solid Pink Solid Dusty Pink,"Fat Quarter 21"" x 18""",10.75,USD,2030-01-01
214,5300469,jesus-loves-me-by-sunshineandspoons,/en/fabric/5300469-jesus-loves-me-by-sunshineandspoons,Jesus Loves Me,"Fat Quarter 21"" x 18""",10.75,USD,2030-01-01
215,8297993,watercolor-butterflies-by-camcreative,/en/fabric/8297993-watercolor-butterflies-by-camcreative,watercolor butterflies,"Fat Quarter 21"" x 18""",10.75,USD,2030-01-01
216,2253187,horror-words-by-miss_motley,/en/fabric/2253187-horror-words-by-miss_motley,Horror words,"Fat Quarter 21"" x 18""",10.75,USD,2030-01-01
217,9681832,teeny-tiny-koalas-tea-tree-blossoms-eucalyptus-by-micklyn,/en/fabric/9681832-teeny-tiny-koalas-tea-tree-blossoms-eucalyptus-by-micklyn,Teeny Tiny Koalas with Tea Tree Blossoms and Eucalyptus,"Fat Quarter 21"" x 18""",10.75,USD,2030-01-01
218,2340522,peacock-3-large-by-glimmericks,/en/fabric/2340522-peacock-3-large-by-glimmericks,peacock - 3 large,"Fat Quarter 21"" x 18""",10.75,USD,2030-01-01
219,4591552,books-by-trizzuto,/en/fabric/4591552-books-by-trizzuto,books!,"Fat Quarter 21"" x 18""",10.75,USD,2030-01-01
220,7185474,riveting-rosie-by-fabric_rocks,/en/fabric/7185474-riveting-rosie-by-fabric_rocks,Riveting Rosie,"Fat Quarter 21"" x 18""",10.75,USD,2030-01-01
221,7076550,large-scale-vintage-moroccan-dusty-blue-by-littlearrowdesign,/en/fabric/7076550-large-scale-vintage-moroccan-dusty-blue-by-littlearrowdesign,(large scale) vintage moroccan - dusty blue,"Fat Quarter 21"" x 18""",10.75,USD,2030-01-01
